index,x,y,z
31,-71.648681640625,-6.52165412902832,184.67327880859375
32,-70.27327728271484,-6.668421268463135,184.91358947753906
33,-71.47754669189453,-7.567077159881592,184.92901611328125
36,-70.33928680419922,-7.638075828552246,185.1915740966797
37,-67.97504425048828,5.643834590911865,184.2376251220703
38,-66.88568878173828,4.946407794952393,184.5732421875
39,-67.70327758789062,3.8732194900512695,184.2343292236328
42,-71.63773345947266,-8.321224212646484,185.13375854492188
43,-83.22095489501953,-2.137246608734131,185.93162536621094
44,-83.50301361083984,-0.4566597640514374,185.8011474609375
45,-82.20572662353516,-1.1847178936004639,185.40570068359375
47,-67.66425323486328,0.7633438110351562,184.22621154785156
49,-67.67304992675781,-0.7633554339408875,184.30328369140625
53,-67.46719360351562,10.400200843811035,184.6796112060547
54,-66.57695007324219,9.156392097473145,184.9049835205078
55,-68.31595611572266,8.904810905456543,184.35977172851562
58,-80.5067367553711,9.832160949707031,185.29273986816406
59,-80.51131439208984,8.596731185913086,184.92739868164062
60,-81.83432006835938,8.836105346679688,185.62423706054688
61,-81.41558837890625,7.322791576385498,185.0950927734375
67,-70.29212951660156,15.023544311523438,185.1014404296875
68,-68.85782623291016,14.272092819213867,185.0234375
69,-70.00955963134766,13.3225736618042,184.6665802001953
71,-67.67747497558594,-2.7725703716278076,184.61134338378906
76,-84.09795379638672,9.34633731842041,186.93804931640625
77,-83.58485412597656,10.899018287658691,187.03915405273438
78,-82.98702239990234,9.498767852783203,186.3643035888672
89,-123.16693878173828,7.6988654136657715,184.02593994140625
93,-123.49352264404297,13.699462890625,184.2255096435547
97,-123.48785400390625,15.456948280334473,184.54559326171875
98,-124.54962921142578,16.072067260742188,185.03854370117188
99,-112.84562683105469,-12.475829124450684,186.2390594482422
100,-113.98626708984375,-12.672142028808594,186.12303161621094
101,-113.08901977539062,-11.551861763000488,185.73410034179688
102,-116.1688232421875,-11.880014419555664,185.48480224609375
103,-115.54190826416016,-12.855315208435059,186.03973388671875
104,-116.98992919921875,-12.472387313842773,185.85617065429688
105,-107.01646423339844,7.579122066497803,187.15419006347656
106,-108.21682739257812,8.075699806213379,186.6695098876953
107,-106.95628356933594,9.151968955993652,187.32696533203125
111,-102.72442626953125,-2.6289873123168945,187.79013061523438
112,-103.57235717773438,-4.032817840576172,187.41653442382812
113,-104.2574234008789,-2.80135440826416,187.1363525390625
115,-103.16648864746094,-8.04348087310791,188.07681274414062
116,-102.09466552734375,-6.618556022644043,188.201904296875
117,-101.91365051269531,-8.208635330200195,188.56570434570312
152,-63.48362350463867,25.092876434326172,194.73184204101562
156,-113.81452178955078,24.96995735168457,191.75711059570312
157,-113.12696838378906,23.931013107299805,191.04405212402344
158,-114.400390625,23.963329315185547,190.4163360595703
159,-112.41364288330078,24.860307693481445,192.4461212158203
165,-78.5518569946289,27.997434616088867,195.6468505859375
166,-77.28421783447266,28.52802276611328,196.1988067626953
167,-77.37606048583984,27.499282836914062,194.52513122558594
190,-119.36559295654297,27.126489639282227,193.22344970703125
191,-119.311767578125,26.352088928222656,191.77407836914062
192,-120.64525604248047,26.77057456970215,192.51788330078125
224,-115.44364166259766,27.716211318969727,196.05870056152344
225,-116.8747329711914,27.81279182434082,195.92965698242188
1487,-75.66213989257812,3.676251173019409,183.64425659179688
1488,-76.86602783203125,3.4723048210144043,183.73878479003906
1489,-76.70262145996094,5.1320600509643555,183.685791015625
1490,-77.58096313476562,4.004561424255371,183.7869873046875
1491,-71.16795349121094,-5.632967948913574,184.5345916748047
1492,-72.5243911743164,-5.261122226715088,184.4622039794922
1495,-117.84986877441406,9.269024848937988,183.76031494140625
1496,-118.94776916503906,10.397872924804688,183.69747924804688
1497,-117.78509521484375,10.856743812561035,183.8351593017578
1498,-120.10323333740234,9.926454544067383,183.62648010253906
1499,-119.82897186279297,11.14887809753418,183.69003295898438
1500,-116.62684631347656,2.505537509918213,183.93917846679688
1501,-116.61642456054688,4.2347798347473145,183.8970184326172
1502,-115.29405212402344,3.4328384399414062,184.1101531982422
1503,-111.19947052001953,-4.3592209815979,184.6884307861328
1504,-112.11396026611328,-5.473447799682617,184.48355102539062
1505,-112.1324691772461,-3.7579991817474365,184.45733642578125
1506,-113.24108123779297,-6.023711204528809,184.3083038330078
1507,-112.24833679199219,-6.961034774780273,184.5946502685547
1508,-115.2139892578125,-0.5297633409500122,184.04794311523438
1509,-115.69033813476562,0.5354166626930237,184.03973388671875
1510,-114.30480194091797,0.6410597562789917,184.2360076904297
1511,-113.66248321533203,-10.621725082397461,185.1294708251953
1512,-112.54202270507812,-10.142786979675293,185.24172973632812
2248,-77.97484588623047,6.1917853355407715,183.87278747558594
2249,-76.50721740722656,6.455811500549316,183.71791076660156
2250,-75.39219665527344,5.898951530456543,183.6142120361328
2327,-112.4839859008789,27.38466453552246,196.8435516357422
2328,-111.52799224853516,26.564010620117188,195.71615600585938
2329,-112.73789978027344,27.045551300048828,195.5505828857422
2330,-112.35688781738281,26.279029846191406,194.42417907714844
2506,-64.56686401367188,15.352384567260742,187.0437774658203
2518,-83.65826416015625,12.466347694396973,187.48605346679688
2526,-82.93534088134766,11.035541534423828,186.71607971191406
2589,-82.475341796875,23.947189331054688,192.67979431152344
2590,-82.2275161743164,25.20254898071289,193.62078857421875
2591,-81.73434448242188,24.450212478637695,192.4683380126953
2694,-69.6857681274414,-7.634721279144287,185.5260772705078
2791,-80.67684936523438,21.14422035217285,189.51312255859375
2792,-81.14997863769531,19.56123161315918,188.84909057617188
2793,-81.33540344238281,20.808856964111328,189.68028259277344
2794,-81.5047607421875,22.084245681762695,190.51510620117188
3040,-80.26265716552734,15.020383834838867,186.56687927246094
3041,-79.8136978149414,16.665283203125,186.9934844970703
3042,-79.36408996582031,15.155882835388184,186.34242248535156
3050,-115.64250183105469,-14.17984676361084,186.74684143066406
3051,-116.38640594482422,-14.083819389343262,186.73727416992188
3069,-101.37550354003906,-10.201189994812012,189.33468627929688
3107,-122.08032989501953,6.828153133392334,183.82608032226562
3108,-122.6229019165039,6.378610610961914,183.97071838378906
3217,-68.98429107666016,7.072837829589844,184.10015869140625
3218,-68.12267303466797,7.256423473358154,184.2900390625
3387,-119.49946594238281,17.64595603942871,185.0924835205078
3388,-118.90152740478516,18.580259323120117,185.57785034179688
3389,-117.87596130371094,17.888614654541016,185.44029235839844
3390,-68.91597747802734,4.168659210205078,183.9536590576172
3391,-69.28205871582031,5.02163028717041,183.9410858154297
3473,-104.0321044921875,2.587557315826416,187.8633575439453
3474,-104.73233032226562,3.674408435821533,187.6549530029297
3602,-122.0003890991211,20.096662521362305,186.3174591064453
3603,-123.25035095214844,19.19318389892578,186.0218963623047
3604,-122.49006652832031,20.516841888427734,186.59188842773438
3618,-122.99620056152344,10.975484848022461,183.890869140625
3619,-122.32353973388672,11.632055282592773,183.81976318359375
3620,-122.02593994140625,10.072890281677246,183.7398223876953
3621,-121.35311889648438,11.291799545288086,183.7083740234375
3644,-106.03724670410156,-2.1688554286956787,186.44915771484375
3645,-105.55232238769531,-3.2488269805908203,186.5914306640625
3646,-106.87334442138672,-3.67682147026062,186.11492919921875
3704,-109.07545471191406,5.979396820068359,186.17127990722656
3705,-109.86595916748047,5.255947589874268,185.7991180419922
3706,-110.48936462402344,6.4610395431518555,185.5957489013672
3757,-82.132080078125,7.314548015594482,185.460693359375
3858,-121.97037506103516,8.64526081085205,183.74191284179688
3859,-122.46934509277344,9.808565139770508,183.82322692871094
4115,-76.48648071289062,-6.049234390258789,185.09359741210938
4116,-75.27528381347656,-5.447601318359375,184.7598876953125
4117,-75.04251098632812,-6.576162815093994,184.92247009277344
4118,-76.26480865478516,-2.3989388942718506,184.3528289794922
4119,-75.89265441894531,-3.890835762023926,184.567138671875
4120,-77.15492248535156,-3.023844003677368,184.5621795654297
4121,-70.53053283691406,4.176324844360352,183.74160766601562
4122,-69.20413970947266,3.004462242126465,183.8802947998047
4123,-69.26396179199219,-5.308482646942139,184.81114196777344
4124,-70.3543930053711,-5.74752140045166,184.66842651367188
4125,-70.61002349853516,-4.756862640380859,184.4125518798828
4128,-66.80331420898438,2.973912000656128,184.5613250732422
4134,-66.93647003173828,18.313901901245117,187.02015686035156
4135,-65.50724792480469,18.066938400268555,187.54238891601562
4136,-65.95832061767578,17.066120147705078,186.84091186523438
4143,-123.56257629394531,16.87080192565918,184.97171020507812
4144,-122.08267974853516,18.37633514404297,185.4245147705078
4145,-123.5363998413086,17.9058780670166,185.46705627441406
4155,-120.91629028320312,-6.7894978523254395,185.10470581054688
4160,-120.09496307373047,21.857769012451172,187.3113555908203
4161,-119.207763671875,21.1281795501709,186.94886779785156
4162,-120.4485092163086,20.630826950073242,186.58184814453125
5498,-123.27997589111328,12.358726501464844,184.0369110107422
5499,-122.09139251708984,12.710155487060547,183.88442993164062
5565,-82.87382507324219,12.580484390258789,187.05123901367188
5783,-72.896484375,-3.586080551147461,184.2130889892578
5784,-73.65656280517578,-3.075421094894409,184.2109832763672
5785,-72.92219543457031,-1.8950899839401245,184.014404296875
5786,-74.37228393554688,-1.6878563165664673,184.08387756347656
5802,-69.73002624511719,-6.015223026275635,184.873291015625
5803,-66.95663452148438,19.934694290161133,187.99530029296875
5804,-66.01591491699219,19.094100952148438,187.87326049804688
5805,-65.05001068115234,19.039613723754883,188.28805541992188
5807,-118.5210189819336,22.265209197998047,187.74179077148438
5808,-118.17538452148438,20.93702507019043,187.01913452148438
5859,-110.27207946777344,-1.1804012060165405,185.05824279785156
5860,-109.8219223022461,0.014602343551814556,185.32325744628906
5861,-109.32049560546875,-1.5541216135025024,185.34078979492188
6210,-72.13424682617188,-4.403019428253174,184.3047637939453
6211,-71.68229675292969,-3.5586602687835693,184.15711975097656
6215,-66.80007934570312,7.651785373687744,184.72311401367188
6216,-65.7054672241211,8.13693904876709,185.32171630859375
6217,-118.98062133789062,11.510769844055176,183.75808715820312
6218,-119.58882141113281,12.38003921508789,183.79519653320312
6219,-119.14065551757812,6.705327033996582,183.65890502929688
6220,-117.98743438720703,5.603283405303955,183.72840881347656
6221,-119.1290512084961,5.269473075866699,183.68414306640625
6222,-120.36833953857422,5.732852458953857,183.6725311279297
6223,-113.1291732788086,-7.161047458648682,184.433837890625
6224,-114.39525604248047,-6.538622856140137,184.19529724121094
6225,-112.51395416259766,-8.029402732849121,184.6908721923828
6228,-121.84500122070312,2.9206366539001465,184.04885864257812
6229,-118.00615692138672,-5.68022346496582,183.94029235839844
6230,-118.65044403076172,-6.956080913543701,184.26351928710938
6231,-118.67280578613281,-5.734708309173584,184.05303955078125
6232,-115.67060852050781,-4.710489273071289,183.938232421875
6233,-116.19769287109375,-6.276007175445557,184.01356506347656
6234,-116.9106216430664,-4.721932888031006,183.86001586914062
6235,-118.70748901367188,-4.490044116973877,183.90969848632812
6236,-119.3980712890625,-5.2813310623168945,184.08926391601562
6701,-123.22685241699219,10.005088806152344,183.9750518798828
6702,-123.4776840209961,9.046165466308594,184.10879516601562
6751,-122.31423950195312,0.09572261571884155,184.5791015625
6766,-66.51223754882812,13.245527267456055,185.45811462402344
6767,-65.32353973388672,12.56959342956543,186.03810119628906
6768,-66.35474395751953,11.8418607711792,185.26792907714844
6769,-64.87049865722656,13.762232780456543,186.54652404785156
6955,-68.38472747802734,2.413290500640869,184.01768493652344
6956,-68.40313720703125,3.418966293334961,184.0361785888672
6957,-67.87355041503906,3.2028443813323975,184.16917419433594
6958,-69.20680236816406,2.0120980739593506,183.8634796142578
6959,-68.13720703125,1.5855482816696167,184.08306884765625
6960,-68.76233673095703,1.703904628753662,183.9221954345703
7367,-124.82360076904297,20.027753829956055,187.0486297607422
7369,-125.00321197509766,21.172603607177734,187.88116455078125
7515,-120.16908264160156,2.1513898372650146,183.84046936035156
7516,-120.52029418945312,0.8507739305496216,183.99513244628906
7517,-120.93634033203125,1.90055251121521,183.95358276367188
7518,-121.64947509765625,1.0136191844940186,184.2184295654297
7583,-114.10392761230469,27.601049423217773,196.4267120361328
7584,-114.04154205322266,27.377464294433594,195.44325256347656
7597,-120.07049560546875,-0.8358105421066284,184.01483154296875
7598,-120.56034851074219,-1.2267305850982666,184.14051818847656
7599,-120.3931884765625,-0.09367018193006516,184.03543090820312
7600,-119.92658996582031,0.15277324616909027,183.9364013671875
7601,-119.32447814941406,-0.5439088344573975,183.92015075683594
7692,-124.78023529052734,18.234872817993164,186.14910888671875
7693,-124.56668853759766,17.855974197387695,185.84765625
7726,-122.28266143798828,16.53839874267578,184.646728515625
7727,-123.029541015625,16.1240177154541,184.6255340576172
7728,-122.80475616455078,16.970890045166016,184.8476104736328
7729,-122.30333709716797,17.596559524536133,185.04544067382812
7960,-121.86985778808594,20.938121795654297,186.77981567382812
8113,-73.63838958740234,-4.413623332977295,184.39739990234375
8114,-74.73782348632812,-4.148060321807861,184.46563720703125
8115,-73.9530258178711,-5.496096611022949,184.60389709472656
8404,-74.67243194580078,-7.263823986053467,184.97019958496094
8405,-74.32291412353516,-6.138742446899414,184.7361602783203
8406,-73.19229888916016,-7.311563968658447,184.8104705810547
8414,-74.09752655029297,-7.860602855682373,184.9799346923828
8415,-76.1259765625,-7.729794979095459,185.2884063720703
8416,-80.4682846069336,5.963094234466553,184.47628784179688
8417,-81.44204711914062,5.8664984703063965,184.8846435546875
8418,-82.09021759033203,6.541354656219482,185.29261779785156
8419,-82.39814758300781,5.768066883087158,185.32144165039062
8420,-83.78500366210938,5.5834760665893555,186.011474609375
8421,-82.89051055908203,6.664996147155762,185.72865295410156
8422,-83.38436126708984,7.564785957336426,186.16900634765625
8423,-67.14022064208984,2.19633150100708,184.39688110351562
8441,-121.6808090209961,-3.632580280303955,184.9845733642578
8442,-120.86042785644531,-3.5401134490966797,184.41893005371094
8443,-120.94649505615234,-4.086987495422363,184.53701782226562
8444,-120.3331298828125,-4.551912784576416,184.3859100341797
8445,-120.93879699707031,-4.843942642211914,184.68153381347656
8446,-120.64493560791016,-3.5340569019317627,184.3417205810547
8447,-120.58467102050781,-3.951856851577759,184.38584899902344
8448,-120.05638122558594,-3.993741750717163,184.20547485351562
8449,-121.3033218383789,-3.1892125606536865,184.61875915527344
8450,-121.76335906982422,-2.587163209915161,184.7243194580078
8451,-120.89872741699219,-2.7359707355499268,184.34100341796875
8452,-119.61271667480469,-2.4998130798339844,183.97181701660156
8453,-118.54583740234375,-2.065101146697998,183.84820556640625
8454,-118.40850830078125,-3.13783597946167,183.83523559570312
8455,-119.13702392578125,-3.4985060691833496,183.93551635742188
8456,-119.97362518310547,-3.1418914794921875,184.08351135253906
8457,-120.81288146972656,-3.1288561820983887,184.3446807861328
9176,-121.66557312011719,25.316652297973633,190.24346923828125
9177,-122.86213684082031,25.073060989379883,190.08575439453125
9178,-122.06646728515625,25.50556182861328,190.54727172851562
9260,-119.49551391601562,-8.110761642456055,184.7602081298828
9262,-120.32244110107422,-7.182779788970947,184.87416076660156
9263,-119.77123260498047,-7.05600643157959,184.5955047607422
9377,-66.60770416259766,1.4097524881362915,184.66204833984375
9772,-115.98065948486328,-2.7901787757873535,183.8890838623047
9773,-116.97997283935547,-3.4495961666107178,183.819580078125
9774,-116.8116683959961,-2.0820062160491943,183.84068298339844
10011,-121.95244598388672,3.8538596630096436,183.99525451660156
10013,-122.1019058227539,5.085690975189209,183.93386840820312
10014,-121.7419204711914,4.056521892547607,183.9180450439453
10015,-121.98291778564453,4.529055118560791,183.9390869140625
10016,-121.23797607421875,5.055554389953613,183.78436279296875
10017,-120.59255981445312,3.76995849609375,183.79173278808594
10018,-121.48590850830078,3.229015350341797,183.92645263671875
10070,-121.73092651367188,1.8051276206970215,184.15748596191406
10102,-119.63223266601562,-4.401216506958008,184.07786560058594
10103,-119.9022445678711,-5.201813697814941,184.28515625
10104,-120.18441009521484,-5.195562362670898,184.40042114257812
10105,-119.98458862304688,-6.0088701248168945,184.4499969482422
10111,-104.49445343017578,4.85040807723999,187.90476989746094
10112,-104.90707397460938,6.4166460037231445,187.8995819091797
10113,-104.15255737304688,7.2442946434021,188.3920135498047
10344,-69.09700775146484,1.4358667135238647,183.88673400878906
10345,-70.03226470947266,1.7261983156204224,183.76736450195312
10346,-69.13182067871094,0.9811054468154907,183.888671875
10347,-68.1862564086914,0.0091438889503479,184.11341857910156
10348,-68.6505126953125,-0.7548773884773254,184.03456115722656
10349,-68.42171478271484,0.881153404712677,184.01719665527344
10350,-68.66244506835938,1.2957613468170166,183.94833374023438
10502,-124.60501098632812,18.87688446044922,186.32301330566406
10503,-123.89994049072266,18.543581008911133,185.9042510986328
10600,-64.67041015625,17.20863914489746,187.71339416503906
10601,-64.38008880615234,18.03347396850586,188.2050323486328
10774,-121.00846862792969,0.4525613784790039,184.10882568359375
10775,-121.48434448242188,0.08478941023349762,184.2608184814453
10776,-121.62749481201172,0.5065135359764099,184.259765625
10777,-122.56199645996094,26.00352668762207,191.45729064941406
10778,-121.25495147705078,25.915103912353516,191.06239318847656
10825,-67.56244659423828,2.682713508605957,184.24322509765625
10884,-70.6677017211914,3.297710657119751,183.7195281982422
10885,-72.1909408569336,4.063868999481201,183.62498474121094
10886,-72.13744354248047,2.7603795528411865,183.6383056640625
10887,-70.79792022705078,2.4186434745788574,183.70057678222656
10888,-70.0087661743164,2.464460611343384,183.76364135742188
10950,-119.36848449707031,25.458961486816406,190.50148010253906
10951,-120.29175567626953,25.934226989746094,191.0824432373047
10952,-120.98304748535156,25.473339080810547,190.42872619628906
11045,-104.1136245727539,7.056464195251465,188.38616943359375
11046,-104.95014190673828,7.680940628051758,188.05076599121094
11047,-104.44839477539062,7.0204572677612305,188.21153259277344
11100,-124.1464614868164,19.91358184814453,186.64205932617188
11101,-123.64130401611328,20.892744064331055,187.0454559326172
11138,-105.86894989013672,6.4145731925964355,187.49859619140625
11164,-105.10762023925781,9.019063949584961,188.1632843017578
11169,-106.69542694091797,13.090561866760254,188.14666748046875
11170,-106.4195556640625,14.11566162109375,188.6421661376953
11201,-78.60761260986328,2.2295267581939697,184.0438690185547
11202,-77.02669525146484,1.824057936668396,183.87509155273438
11203,-77.60926055908203,1.1778167486190796,184.00978088378906
11204,-78.18404388427734,0.5381854176521301,184.16293334960938
11205,-74.45838928222656,2.494908332824707,183.6584014892578
11206,-75.53904724121094,1.910624623298645,183.75204467773438
11207,-76.56703186035156,0.3931974768638611,183.9950714111328
11208,-76.1467056274414,1.2558932304382324,183.86077880859375
11209,-75.2610092163086,0.6878342628479004,183.85174560546875
11210,-75.50614929199219,-1.884255290031433,184.2067108154297
11211,-75.82172393798828,-0.8876906633377075,184.0968017578125
11212,-76.9795150756836,-0.4664209485054016,184.13821411132812
11213,-74.55484008789062,-0.10122840851545334,183.9088897705078
11214,-74.15731048583984,1.4642918109893799,183.7296142578125
11215,-73.28144073486328,-0.08382409065961838,183.8373565673828
11216,-73.3195571899414,-0.9119989275932312,183.92098999023438
11217,-71.18894958496094,0.42091062664985657,183.76251220703125
11218,-69.56108856201172,0.010649552568793297,183.8795623779297
11219,-69.88689422607422,-0.9950551390647888,183.9073028564453
11220,-70.39009857177734,0.8857303857803345,183.75303649902344
11221,-71.58717346191406,-1.1460095643997192,183.8794708251953
11222,-72.65200805664062,1.2152364253997803,183.71231079101562
11223,-73.02061462402344,2.2584996223449707,183.6493377685547
11224,-72.27865600585938,-0.19065648317337036,183.81109619140625
11225,-72.02478790283203,-2.613788604736328,184.0481719970703
11226,-70.45503234863281,-2.668095588684082,184.0547332763672
11227,-68.86585235595703,-3.1307759284973145,184.3471221923828
11228,-70.2743911743164,-3.81449818611145,184.24961853027344
11232,-75.5416030883789,4.781811237335205,183.60989379882812
11233,-73.98267364501953,4.527625560760498,183.58937072753906
11234,-74.4587631225586,5.580781936645508,183.59451293945312
11235,-73.03922271728516,6.002932548522949,183.6427001953125
11236,-74.28811645507812,6.668266773223877,183.6428985595703
11237,-74.6419906616211,3.821336269378662,183.6083221435547
11238,-73.51112365722656,3.393017530441284,183.6090545654297
11239,-78.79576110839844,5.125149250030518,183.9604034423828
11240,-78.85236358642578,3.5817954540252686,183.99896240234375
11241,-79.5858154296875,4.058925628662109,184.14990234375
11242,-79.7743148803711,2.408961772918701,184.2765350341797
11243,-77.93038940429688,2.980353832244873,183.89324951171875
11244,-79.51472473144531,0.9550937414169312,184.35377502441406
11245,-79.33702850341797,-0.24808748066425323,184.4708251953125
11246,-71.55248260498047,5.1196489334106445,183.69552612304688
11247,-72.86121368408203,4.666691303253174,183.62265014648438
11248,-78.51130676269531,-3.10330867767334,184.786865234375
11249,-77.68840026855469,-1.8384785652160645,184.4326934814453
11250,-77.89962005615234,-0.8880540132522583,184.31771850585938
11251,-78.634033203125,-0.845901608467102,184.4180450439453
11252,-79.7761459350586,-1.2321628332138062,184.6961669921875
11253,-80.04615783691406,-2.883134365081787,185.08294677734375
11254,-79.04207611083984,-2.1525774002075195,184.7037811279297
11255,-77.3704833984375,-4.3443684577941895,184.87594604492188
11256,-78.3271255493164,-4.486952304840088,185.08013916015625
11257,-77.9806137084961,-5.850188255310059,185.34136962890625
11258,-79.66858673095703,-3.755931854248047,185.19384765625
11259,-80.9305648803711,-4.229987621307373,185.66941833496094
11260,-78.95036315917969,-4.929007053375244,185.31622314453125
11261,-68.7437744140625,-1.951766848564148,184.14389038085938
11262,-69.51700592041016,-2.0125999450683594,184.05487060546875
11263,-76.63687896728516,-5.040737152099609,184.9116668701172
11264,-80.68875122070312,-5.565676212310791,185.92605590820312
11265,-79.34940338134766,-5.635693073272705,185.5850830078125
11266,-79.4020004272461,-6.652752876281738,185.8353271484375
11267,-72.89729309082031,-6.280203819274902,184.63494873046875
11268,-72.37876892089844,-6.931111812591553,184.74551391601562
11269,-72.7032699584961,-8.627625465393066,185.06622314453125
11273,-77.78229522705078,5.096459865570068,183.8007049560547
11274,-75.39105224609375,9.279496192932129,183.9947509765625
11275,-75.15396118164062,7.83479642868042,183.76089477539062
11276,-76.29650115966797,7.782132625579834,183.8353271484375
11277,-73.99115753173828,7.885807991027832,183.74082946777344
11278,-75.67556762695312,7.090601921081543,183.69554138183594
11279,-74.00032806396484,10.271961212158203,184.08697509765625
11280,-72.49720001220703,9.690714836120605,183.97760009765625
11281,-73.2463150024414,8.784337043762207,183.84707641601562
11282,-73.21537780761719,7.400492191314697,183.70838928222656
11283,-80.62173461914062,-0.18487483263015747,184.7421875
11284,-80.96997833251953,0.7756682634353638,184.728515625
11285,-80.76617431640625,-1.1491671800613403,184.93743896484375
11286,-80.85721588134766,-2.045663833618164,185.12957763671875
11287,-77.052001953125,-6.774007797241211,185.3422088623047
11288,-78.2587661743164,-6.699268341064453,185.5769500732422
11289,-78.56291961669922,-7.546224117279053,185.7803497314453
11291,-69.05791473388672,-4.240082263946533,184.56336975097656
11300,-80.47846221923828,3.7358956336975098,184.4064483642578
11301,-81.03325653076172,2.5816071033477783,184.62225341796875
11302,-82.91233825683594,4.77773904800415,185.47254943847656
11303,-82.51763916015625,2.649353265762329,185.1953125
11304,-83.41053771972656,3.7923834323883057,185.64739990234375
11305,-82.08869171142578,3.448054790496826,185.017822265625
11306,-81.49432373046875,4.6590776443481445,184.79501342773438
11307,-81.51366424560547,3.11464524269104,184.7719268798828
11308,-70.4807357788086,7.298966407775879,183.90789794921875
11309,-70.06877136230469,8.42825698852539,184.03817749023438
11310,-69.93465423583984,6.61884069442749,183.9362335205078
11311,-71.11422729492188,6.581890106201172,183.8059539794922
11312,-80.73930358886719,1.6850850582122803,184.5946044921875
11313,-72.20242309570312,6.499662399291992,183.705810546875
11314,-71.8021469116211,7.821857929229736,183.82020568847656
11315,-69.3741683959961,5.9334516525268555,183.97561645507812
11316,-70.40848541259766,5.3889479637146,183.80239868164062
11317,-81.78689575195312,-0.2198675274848938,185.10508728027344
11318,-82.39837646484375,0.44233351945877075,185.26052856445312
11319,-80.959716796875,-2.9351744651794434,185.36279296875
11320,-81.86874389648438,-2.9811785221099854,185.66114807128906
11321,-80.05485534667969,-4.764505863189697,185.54737854003906
11325,-80.40675354003906,-7.31137228012085,186.24110412597656
11327,-81.17929077148438,-6.974545001983643,186.43020629882812
11328,-76.70370483398438,8.798624038696289,184.04885864257812
11329,-77.25688934326172,7.332852840423584,183.86463928222656
11330,-77.98418426513672,8.188880920410156,184.1374969482422
11331,-77.10950469970703,9.794883728027344,184.32009887695312
11332,-78.07473754882812,9.484806060791016,184.4327392578125
11333,-78.1555404663086,10.757149696350098,184.75576782226562
11334,-78.99759674072266,9.512855529785156,184.65000915527344
11335,-77.54891204833984,8.991710662841797,184.21705627441406
11336,-74.3469009399414,8.83310604095459,183.86553955078125
11337,-71.01405334472656,9.801876068115234,184.0638885498047
11338,-71.18244171142578,8.47255802154541,183.92636108398438
11339,-72.33863067626953,8.532628059387207,183.8450164794922
11340,-80.12419891357422,5.083367824554443,184.29673767089844
11341,-69.7242660522461,9.34451961517334,184.14801025390625
11342,-69.3812255859375,10.266106605529785,184.27488708496094
11343,-68.90248107910156,8.316536903381348,184.1910858154297
11344,-81.53087615966797,1.6630357503890991,184.83090209960938
11345,-66.9100341796875,6.061803817749023,184.60581970214844
11346,-82.04006958007812,-2.0875766277313232,185.5122833251953
11347,-82.47019958496094,-3.720874786376953,186.02780151367188
11348,-81.67543029785156,-4.341004371643066,185.9296417236328
11349,-82.00901794433594,-5.439906597137451,186.3191375732422
11353,-82.42623138427734,-6.534981727600098,186.76797485351562
11354,-68.21725463867188,-1.7108840942382812,184.24888610839844
11358,-67.72708892822266,-3.901104211807251,184.98300170898438
11361,-76.93354034423828,11.283153533935547,184.64173889160156
11362,-77.43753814697266,12.036764144897461,184.95584106445312
11363,-76.41351318359375,10.519729614257812,184.3788604736328
11364,-75.7127914428711,11.2467041015625,184.43536376953125
11365,-74.14498138427734,11.456395149230957,184.3217315673828
11366,-74.85746002197266,10.76831340789795,184.24244689941406
11367,-75.72608947753906,10.091389656066895,184.1844024658203
11368,-78.79562377929688,6.925467491149902,184.0833282470703
11369,-78.67748260498047,8.281932830810547,184.29830932617188
11370,-79.81623840332031,7.234727382659912,184.40118408203125
11371,-79.52961730957031,8.841196060180664,184.6431884765625
11372,-71.59293365478516,11.163639068603516,184.2119598388672
11373,-70.77788543701172,10.763543128967285,184.19093322753906
11374,-70.54987335205078,11.7288236618042,184.3295135498047
11375,-82.55608367919922,1.4159376621246338,185.25140380859375
11376,-83.61347198486328,1.537650227546692,185.71005249023438
11377,-83.10195922851562,-4.457151412963867,186.42153930664062
11378,-83.8229751586914,-3.7485971450805664,186.47137451171875
11379,-83.45814514160156,-5.351217269897461,186.79867553710938
11386,-75.00090789794922,11.935455322265625,184.5165252685547
11387,-74.67577362060547,12.832938194274902,184.699951171875
11388,-75.77642822265625,12.344058990478516,184.71803283691406
11389,-73.31990814208984,12.607641220092773,184.51670837402344
11390,-72.41293334960938,11.582324981689453,184.26942443847656
11391,-72.8293228149414,10.775827407836914,184.142333984375
11392,-80.34416198730469,7.714272499084473,184.67666625976562
11393,-79.2169189453125,6.243584632873535,184.1246337890625
11394,-67.70140075683594,12.902436256408691,184.94166564941406
11395,-66.9917221069336,14.310089111328125,185.53614807128906
11396,-67.74279022216797,11.65458869934082,184.74607849121094
11397,-68.60636901855469,12.218782424926758,184.6336669921875
11398,-68.98702239990234,11.23582649230957,184.42388916015625
11399,-68.33262634277344,10.577986717224121,184.4956817626953
11400,-69.67963409423828,11.738205909729004,184.4125518798828
11401,-71.40491485595703,12.659539222717285,184.47007751464844
11402,-83.51153564453125,2.6677021980285645,185.65975952148438
11403,-84.7464599609375,2.3533246517181396,186.25755310058594
11404,-67.9033203125,8.05661392211914,184.3893585205078
11405,-83.55709838867188,0.5399147868156433,185.7404327392578
11406,-84.221435546875,-1.217512845993042,186.1814422607422
11411,-84.39564514160156,-2.8736517429351807,186.47105407714844
11412,-83.65652465820312,-2.7234301567077637,186.20079040527344
11423,-77.18225860595703,14.05526065826416,185.53192138671875
11424,-75.83174896240234,13.425189971923828,185.0760498046875
11425,-76.6452407836914,12.739895820617676,184.9998779296875
11426,-74.46187591552734,14.309318542480469,185.12937927246094
11427,-72.30299377441406,13.092475891113281,184.55532836914062
11428,-71.30258178710938,14.314407348632812,184.85496520996094
11429,-84.0848617553711,3.0724616050720215,185.94644165039062
11430,-84.8138656616211,1.312806248664856,186.28857421875
11432,-84.24488067626953,0.9105316996574402,186.02212524414062
11435,-85.03378295898438,-4.341406345367432,187.06015014648438
11436,-84.18803405761719,-4.645317077636719,186.84434509277344
11437,-84.54977416992188,-5.532643795013428,187.23611450195312
11440,-84.8115005493164,-6.501858234405518,187.6174774169922
11442,-83.80838012695312,-6.2612457275390625,187.1902618408203
11447,-78.27804565429688,12.04653263092041,185.19985961914062
11448,-77.3067626953125,13.040387153625488,185.25997924804688
11449,-75.90956115722656,14.61065673828125,185.46295166015625
11450,-79.42900848388672,10.864460945129395,185.20274353027344
11451,-80.74205017089844,11.426932334899902,185.8125
11452,-68.49681091308594,13.414155960083008,184.8681640625
11453,-83.60029602050781,4.699006080627441,185.8048858642578
11454,-66.70571899414062,10.7257661819458,184.978271484375
11458,-77.14268493652344,17.517438888549805,186.6000213623047
11459,-75.70111083984375,18.045034408569336,186.5459747314453
11460,-75.92292785644531,16.357620239257812,186.00637817382812
11461,-74.63438415527344,15.725786209106445,185.61972045898438
11462,-77.30127716064453,16.231685638427734,186.1986846923828
11463,-76.59874725341797,14.933635711669922,185.68829345703125
11464,-72.64835357666016,17.130706787109375,185.89407348632812
11465,-73.28597259521484,15.568681716918945,185.39361572265625
11466,-74.07852172851562,16.660282135009766,185.85308837890625
11467,-72.0183334350586,15.760993957519531,185.36431884765625
11468,-72.80057525634766,14.348849296569824,184.93289184570312
11469,-81.49334716796875,10.11667251586914,185.78173828125
11470,-82.09925079345703,10.534377098083496,186.16526794433594
11480,-78.59420776367188,16.064071655273438,186.4175567626953
11481,-78.52576446533203,14.721026420593262,186.0269775390625
11482,-77.43827056884766,14.945708274841309,185.85182189941406
11483,-78.86336517333984,13.594514846801758,185.79830932617188
11484,-77.8919448852539,13.54833984375,185.55323791503906
11485,-70.98712921142578,15.586493492126465,185.2678680419922
11486,-83.19242858886719,8.532658576965332,186.2661590576172
11487,-84.64476013183594,7.322573661804199,186.8367462158203
11488,-83.58846282958984,6.586503982543945,186.08590698242188
11498,-70.0114974975586,18.1251277923584,186.3206329345703
11499,-69.64685821533203,16.67045783996582,185.7285614013672
11500,-71.17469024658203,17.194440841674805,185.87203979492188
11503,-84.56660461425781,4.801593780517578,186.3408660888672
11523,-81.40370178222656,11.973624229431152,186.22085571289062
11524,-80.98194122314453,13.033955574035645,186.31622314453125
11525,-82.2463607788086,12.009597778320312,186.58175659179688
11526,-81.89924621582031,13.208782196044922,186.73336791992188
11527,-83.7353515625,8.463114738464355,186.5462188720703
11546,-74.99635314941406,16.962867736816406,186.07696533203125
11547,-74.13967895507812,20.458791732788086,187.53529357910156
11548,-74.77989196777344,19.272199630737305,186.9580078125
11549,-75.6763687133789,19.860328674316406,187.40496826171875
11550,-74.79325103759766,18.352218627929688,186.52415466308594
11551,-73.88179779052734,18.664052963256836,186.56173706054688
11552,-74.17732238769531,17.833389282226562,186.26364135742188
11553,-72.88902282714844,18.547327041625977,186.4538116455078
11554,-71.42310333251953,18.371292114257812,186.34913635253906
11555,-82.55725860595703,13.533637046813965,187.1431427001953
11556,-71.46824645996094,20.06166648864746,187.1912384033203
11557,-70.64219665527344,19.144229888916016,186.7305450439453
11558,-69.90115356445312,20.12055206298828,187.3551788330078
11575,-78.73759460449219,17.965883255004883,187.19590759277344
11576,-78.47531127929688,16.931467056274414,186.65956115722656
11577,-77.39305877685547,19.12540054321289,187.38778686523438
11578,-77.94474792480469,17.746206283569336,186.89002990722656
11579,-76.55140686035156,18.604366302490234,186.95140075683594
11580,-75.68702697753906,18.95546531677246,186.9567413330078
11581,-81.08743286132812,15.597146034240723,187.11265563964844
11582,-81.42041015625,16.337932586669922,187.52757263183594
11583,-81.29156494140625,14.25777816772461,186.7728271484375
11584,-66.30577850341797,15.382866859436035,186.15377807617188
11585,-67.21134185791016,16.384033203125,186.1136474609375
11586,-68.41179656982422,18.840133666992188,186.93557739257812
11587,-68.76531982421875,17.520748138427734,186.18968200683594
11588,-68.32093048095703,16.50425910949707,185.87620544433594
11589,-67.39754486083984,17.548559188842773,186.51414489746094
11590,-67.7636947631836,15.261421203613281,185.56298828125
11616,-121.2447280883789,6.271150588989258,183.72946166992188
11617,-121.28704071044922,7.7546706199646,183.68426513671875
11618,-120.55635070800781,7.7799530029296875,183.6393585205078
11619,-122.02127075195312,7.7451348304748535,183.7718505859375
11620,-121.06951904296875,9.297154426574707,183.6553497314453
11621,-76.34841918945312,21.349227905273438,188.27963256835938
11622,-76.52456665039062,20.359270095825195,187.81642150878906
11623,-77.36117553710938,20.838138580322266,188.21824645996094
11624,-76.75054931640625,19.622371673583984,187.48681640625
11625,-72.47146606445312,19.328540802001953,186.802001953125
11626,-72.57215881347656,20.142072677612305,187.2528533935547
11627,-73.61692810058594,19.48447608947754,186.9414825439453
11628,-69.38447570800781,19.423274993896484,187.03453063964844
11629,-68.46253204345703,20.51031494140625,187.84974670410156
11641,-120.89988708496094,10.303024291992188,183.6575469970703
11642,-113.59786224365234,10.380014419555664,184.5343017578125
11643,-114.45957946777344,9.615396499633789,184.29441833496094
11644,-114.94561004638672,11.03819465637207,184.28189086914062
11645,-116.54304504394531,7.630886554718018,183.88540649414062
11646,-115.58930206298828,8.660292625427246,184.04888916015625
11647,-115.11222076416016,7.575272083282471,184.11441040039062
11648,-115.60334777832031,9.573776245117188,184.07508850097656
11649,-116.94474029541016,10.291587829589844,183.89312744140625
11650,-115.85255432128906,10.551488876342773,184.07882690429688
11651,-116.3396224975586,11.666693687438965,184.0812530517578
11652,-114.34385681152344,5.429792404174805,184.2760467529297
11653,-114.33893585205078,6.869550704956055,184.27435302734375
11654,-113.51774597167969,5.729949474334717,184.4702911376953
11655,-114.50505065917969,7.975166320800781,184.2458038330078
11656,-113.44784545898438,7.643467903137207,184.49581909179688
11657,-113.8718490600586,8.377662658691406,184.3852081298828
11658,-116.73295593261719,6.600131034851074,183.85177612304688
11659,-115.2829818725586,6.667379856109619,184.07981872558594
11660,-115.54569244384766,5.516847133636475,184.042724609375
11661,-115.0469970703125,4.700109004974365,184.13494873046875
11662,-113.02376556396484,4.559548377990723,184.60887145996094
11663,-113.7982406616211,4.25457239151001,184.3910369873047
11664,-82.42335510253906,16.68155288696289,188.22262573242188
11665,-81.80038452148438,17.22397804260254,188.04835510253906
11666,-80.99446868896484,17.208984375,187.6753387451172
11667,-80.5595932006836,18.08698081970215,187.8500213623047
11668,-83.67560577392578,13.238615036010742,187.73341369628906
11711,-118.33057403564453,12.43319320678711,183.89581298828125
11712,-119.05740356445312,13.403044700622559,183.94281005859375
11713,-117.33087158203125,11.5755615234375,183.9339141845703
11714,-117.39441680908203,12.922418594360352,184.0568084716797
11715,-115.18446350097656,12.032726287841797,184.33201599121094
11716,-116.42748260498047,12.9637451171875,184.22842407226562
11717,-115.88867950439453,12.347976684570312,184.241943359375
11718,-115.42378234863281,13.045994758605957,184.4153289794922
11719,-115.12980651855469,1.906062126159668,184.13272094726562
11720,-113.70987701416016,2.571528434753418,184.39019775390625
11721,-114.51570892333984,3.4369235038757324,184.24969482421875
11722,-78.39531707763672,19.499605178833008,187.8154296875
11723,-79.06674194335938,18.914506912231445,187.72207641601562
11724,-79.38434600830078,19.858013153076172,188.25833129882812
11725,-79.73532104492188,18.260101318359375,187.65382385253906
11726,-80.00005340576172,19.358112335205078,188.2331085205078
11727,-83.13729858398438,16.108495712280273,188.4407958984375
11729,-82.67747497558594,15.292830467224121,187.8120574951172
11730,-83.43338775634766,15.075957298278809,188.19288635253906
11731,-83.67808532714844,14.029214859008789,188.00035095214844
11732,-69.81986999511719,21.497955322265625,188.3157958984375
11733,-67.68685150146484,19.41107177734375,187.4317626953125
11734,-114.18806457519531,-5.376978874206543,184.1345977783203
11735,-115.42676544189453,-6.154397487640381,184.062255859375
11736,-114.98986053466797,-2.128488302230835,184.00942993164062
11737,-114.95384979248047,-3.4890382289886475,183.98318481445312
11738,-114.87992095947266,-4.753036975860596,184.0122833251953
11739,-113.96439361572266,-4.207037448883057,184.119873046875
11740,-114.30378723144531,-7.717099666595459,184.34396362304688
11741,-115.28897094726562,-7.109498977661133,184.16592407226562
11742,-115.6256103515625,-7.841856479644775,184.24124145507812
11743,-114.79493713378906,-11.03654670715332,185.1328582763672
11744,-114.51583099365234,-9.991893768310547,184.76881408691406
11745,-115.15312194824219,-9.13664722442627,184.51490783691406
11746,-116.000244140625,-9.341828346252441,184.51695251464844
11747,-114.25428009033203,-8.889955520629883,184.53207397460938
11748,-114.95256042480469,-8.370997428894043,184.35922241210938
11763,-118.66831970214844,16.210628509521484,184.64154052734375
11764,-117.3193359375,15.92489242553711,184.74237060546875
11765,-118.42205047607422,15.180593490600586,184.36756896972656
11766,-117.58209991455078,14.414238929748535,184.30242919921875
11767,-119.0661849975586,14.352508544921875,184.09042358398438
11768,-116.74171447753906,13.670891761779785,184.29510498046875
11769,-116.61870574951172,14.404130935668945,184.45782470703125
11770,-118.10455322265625,13.39725112915039,184.04627990722656
11771,-115.01829528808594,14.619059562683105,184.79762268066406
11772,-113.5017318725586,13.976156234741211,185.06204223632812
11773,-114.44691467285156,13.518354415893555,184.6982421875
11774,-115.19306945800781,13.839310646057129,184.6048583984375
11775,-114.28704071044922,12.640416145324707,184.5986328125
11778,-113.65130615234375,12.023931503295898,184.6545867919922
11779,-112.83838653564453,11.486200332641602,184.82789611816406
11780,-112.33103942871094,12.707403182983398,185.16261291503906
11781,-112.38777923583984,9.952935218811035,184.87745666503906
11782,-112.73346710205078,9.019712448120117,184.72732543945312
11783,-111.2284927368164,9.286911964416504,185.31961059570312
11784,-112.11811828613281,11.387511253356934,185.07806396484375
11785,-111.48460388183594,8.317198753356934,185.19406127929688
11786,-110.8510971069336,7.8853583335876465,185.46449279785156
11787,-111.80050659179688,7.372920513153076,185.05929565429688
11788,-112.42698669433594,7.845026016235352,184.8122100830078
11789,-113.30250549316406,6.8869948387146,184.53636169433594
11790,-112.68155670166016,6.014358997344971,184.7238311767578
11791,-78.37870788574219,20.350120544433594,188.22494506835938
11792,-80.86933898925781,18.8364315032959,188.3229217529297
11793,-82.15702819824219,18.07940673828125,188.66429138183594
11794,-81.5588150024414,18.55966567993164,188.52499389648438
11795,-71.17472076416016,20.874845504760742,187.73240661621094
11796,-71.4621353149414,21.721961975097656,188.32913208007812
11797,-73.23185729980469,21.790193557739258,188.31072998046875
11798,-72.44998168945312,20.956661224365234,187.74708557128906
11799,-117.19426727294922,-9.351054191589355,184.5915985107422
11800,-116.46823120117188,-8.213391304016113,184.2990264892578
11801,-117.13307189941406,-7.827069282531738,184.2711181640625
11802,-116.73319244384766,-6.789057731628418,184.06521606445312
11803,-116.89000701904297,-10.767328262329102,185.0399627685547
11804,-115.86992645263672,-10.933809280395508,185.04994201660156
11805,-115.39833068847656,-10.193979263305664,184.79949951171875
11825,-123.50999450683594,14.575303077697754,184.37098693847656
11826,-120.5595474243164,14.133100509643555,184.0087432861328
11827,-120.56627655029297,13.14188289642334,183.84632873535156
11828,-121.675048828125,13.81568431854248,183.98959350585938
11829,-122.14825439453125,13.667441368103027,184.00601196289062
11830,-122.23422241210938,14.627326011657715,184.19400024414062
11831,-122.8609390258789,14.401595115661621,184.2412109375
11832,-121.13272857666016,15.628175735473633,184.36070251464844
11833,-121.4022216796875,14.375913619995117,184.08505249023438
11834,-120.03755187988281,15.351155281066895,184.28785705566406
11835,-116.07013702392578,15.105250358581543,184.70980834960938
11836,-115.55020141601562,15.782087326049805,185.03903198242188
11837,-113.57296752929688,13.007743835449219,184.8119354248047
11838,-112.58291625976562,14.01188850402832,185.39051818847656
11839,-111.69204711914062,14.040308952331543,185.79388427734375
11840,-112.43939971923828,15.275055885314941,185.90289306640625
11841,-112.90081787109375,13.34253978729248,185.0793914794922
11842,-111.63361358642578,10.090466499328613,185.17855834960938
11843,-111.04232788085938,10.801451683044434,185.4810028076172
11844,-111.86193084716797,6.245007514953613,185.02548217773438
11845,-111.833740234375,5.078684329986572,185.0194549560547
11846,-110.85321044921875,5.162998676300049,185.39364624023438
11847,-111.14443969726562,6.91237211227417,185.31898498535156
11848,-80.04989624023438,20.51511001586914,188.845458984375
11849,-121.32463836669922,-0.6457947492599487,184.27195739746094
11850,-121.20045471191406,-1.3396743535995483,184.28468322753906
11851,-121.84367370605469,-1.542176365852356,184.60435485839844
11852,-111.80538177490234,3.5967605113983154,184.97848510742188
11853,-111.20873260498047,4.271249294281006,185.21482849121094
11854,-110.53484344482422,3.452110528945923,185.41690063476562
11855,-111.96065521240234,1.2358144521713257,184.7919464111328
11856,-111.74324035644531,2.1715142726898193,184.9230499267578
11857,-110.70947265625,1.0502640008926392,185.1573944091797
11858,-112.41242980957031,2.4796931743621826,184.7210235595703
11859,-74.26538848876953,21.820924758911133,188.33743286132812
11860,-73.90518951416016,23.070579528808594,189.28016662597656
11861,-75.1943130493164,21.392545700073242,188.17446899414062
11862,-64.3731918334961,19.860448837280273,189.2980194091797
11863,-65.48139190673828,20.151412963867188,188.77223205566406
11864,-65.81222534179688,21.188583374023438,189.3761444091797
11865,-67.37493896484375,20.88394546508789,188.46142578125
11866,-67.81044006347656,21.791967391967773,189.01913452148438
11867,-66.53117370605469,20.836938858032227,188.785888671875
11874,-111.31363677978516,-6.069953441619873,184.73480224609375
11875,-109.7395248413086,-6.882946014404297,185.34109497070312
11876,-110.43360137939453,-6.911113739013672,185.1075439453125
11877,-109.9659194946289,-5.893821716308594,185.15672302246094
11878,-110.98895263671875,-7.435819149017334,184.99913024902344
11879,-116.44353485107422,-10.069005012512207,184.75318908691406
11880,-113.37798309326172,-9.536898612976074,184.8128204345703
11881,-112.74747467041016,-8.927468299865723,184.8108367919922
11882,-111.0603256225586,-9.058178901672363,185.37643432617188
11883,-111.7386245727539,-7.740736484527588,184.81918334960938
11884,-110.25846862792969,-8.554996490478516,185.49130249023438
11885,-109.41683959960938,-8.018390655517578,185.66220092773438
11894,-113.38290405273438,-8.46138858795166,184.57138061523438
11895,-111.06463623046875,-10.538137435913086,185.870849609375
11896,-111.79610443115234,-9.604621887207031,185.29840087890625
11909,-117.5966796875,16.918781280517578,185.05796813964844
11910,-116.5635757446289,16.2293758392334,184.9552459716797
11911,-113.82028198242188,15.592537879943848,185.50033569335938
11912,-114.83224487304688,16.411712646484375,185.49110412597656
11913,-114.13595581054688,17.029836654663086,186.00265502929688
11914,-114.41500091552734,15.11164379119873,185.11154174804688
11915,-113.31024169921875,14.710392951965332,185.34774780273438
11916,-111.38111114501953,11.676929473876953,185.40626525878906
11917,-77.10951232910156,22.563825607299805,189.218017578125
11918,-76.21285247802734,22.450834274291992,188.99110412597656
11919,-75.35396575927734,22.85747528076172,189.16783142089844
11920,-78.3871078491211,21.17283058166504,188.66915893554688
11921,-77.43759155273438,21.824970245361328,188.7985382080078
11922,-76.2839584350586,23.22542381286621,189.5913848876953
11923,-75.44892883300781,23.856332778930664,190.02195739746094
11924,-107.78162384033203,2.7419888973236084,186.32589721679688
11925,-109.22161102294922,2.0723538398742676,185.75205993652344
11926,-108.6194076538086,3.358116865158081,186.09878540039062
11927,-108.77649688720703,4.314300060272217,186.14541625976562
11928,-109.93153381347656,4.118467330932617,185.69036865234375
11929,-70.8506851196289,23.1050968170166,189.53236389160156
11930,-69.41529083251953,23.438732147216797,190.07456970214844
11931,-69.95635986328125,22.40043067932129,189.04466247558594
11932,-68.77723693847656,21.916608810424805,188.84295654296875
11933,-67.28060150146484,23.177698135375977,190.35247802734375
11934,-66.52716064453125,22.222686767578125,189.78115844726562
11937,-108.56719970703125,0.019346658140420914,185.74490356445312
11938,-107.79756164550781,-0.9661589860916138,185.92457580566406
11939,-108.75888061523438,-1.0156638622283936,185.57936096191406
11940,-109.17228698730469,-2.928495168685913,185.3137969970703
11941,-108.07115173339844,-2.59240984916687,185.7086944580078
11942,-108.24373626708984,-3.5152981281280518,185.62649536132812
11943,-108.3876953125,-4.455327987670898,185.587646484375
11944,-110.25591278076172,-3.2687487602233887,184.95054626464844
11945,-109.70001220703125,-4.215177059173584,185.1351776123047
11946,-111.2762222290039,-3.043436288833618,184.67349243164062
11947,-110.4384765625,-1.9144611358642578,184.94053649902344
11948,-109.78555297851562,-2.4062840938568115,185.12142944335938
11949,-107.58183288574219,-3.84015154838562,185.8596649169922
11950,-107.46258544921875,-4.660877227783203,185.9188995361328
11952,-109.1860580444336,-5.165630340576172,185.34164428710938
11953,-109.13907623291016,-6.370215892791748,185.48046875
11954,-108.44515991210938,-6.3403120040893555,185.7200164794922
11955,-108.42707824707031,-5.3880615234375,185.6175994873047
11956,-118.359619140625,-10.287637710571289,185.0609588623047
11957,-119.13809967041016,-9.844868659973145,185.16006469726562
11958,-118.35233306884766,-9.246417999267578,184.74176025390625
11960,-119.75645446777344,-9.843457221984863,185.538818359375
11961,-119.67866516113281,-8.985004425048828,185.13418579101562
11962,-119.4195556640625,-11.502484321594238,186.0832061767578
11963,-118.33558654785156,-11.261033058166504,185.53427124023438
11964,-118.3454360961914,-12.243021965026855,186.05606079101562
11965,-117.60398864746094,-10.784741401672363,185.1202850341797
11966,-117.5429916381836,-11.850105285644531,185.60931396484375
11967,-115.2197036743164,-11.960282325744629,185.5568389892578
11968,-115.4964599609375,-11.464921951293945,185.3013916015625
11969,-112.07975769042969,-11.051830291748047,185.7874755859375
11970,-114.1706314086914,-11.565052032470703,185.53488159179688
12020,-119.40641021728516,16.845033645629883,184.7954864501953
12021,-120.89430236816406,17.24951171875,184.8429718017578
12022,-120.67657470703125,16.477691650390625,184.58653259277344
12023,-118.24508666992188,17.059228897094727,185.00979614257812
12024,-116.87345886230469,17.36441421508789,185.38075256347656
12025,-117.01497650146484,18.449865341186523,185.86891174316406
12026,-116.0355224609375,17.3090877532959,185.54440307617188
12027,-115.7824478149414,16.560434341430664,185.26483154296875
12028,-115.08238220214844,17.17662239074707,185.7530059814453
12029,-115.2689208984375,17.948993682861328,186.06651306152344
12030,-111.20073699951172,13.279080390930176,185.7753143310547
12031,-110.00513458251953,13.855128288269043,186.47512817382812
12032,-110.75718688964844,12.476556777954102,185.83419799804688
12033,-109.79303741455078,11.545310020446777,186.14613342285156
12034,-109.61128234863281,10.517321586608887,186.14244079589844
12035,-109.0931167602539,9.235320091247559,186.31837463378906
12036,-110.28751373291016,9.765396118164062,185.7655029296875
12037,-110.20772552490234,8.639002799987793,185.7682647705078
12038,-109.49303436279297,7.442339897155762,186.0630645751953
12039,-79.14335632324219,20.796308517456055,188.68434143066406
12040,-79.79949188232422,21.43575096130371,189.3137969970703
12041,-78.53091430664062,23.153776168823242,189.97134399414062
12042,-78.01461791992188,22.148679733276367,189.1740264892578
12043,-78.89527130126953,21.725643157958984,189.1592559814453
12044,-76.27958679199219,25.32822036743164,191.54063415527344
12045,-74.7212142944336,25.49785614013672,191.6419219970703
12046,-75.08938598632812,24.70829200744629,190.79306030273438
12047,-74.5760726928711,23.8203182220459,189.9376678466797
12048,-73.19011688232422,24.106359481811523,190.24362182617188
12049,-72.3488998413086,22.511808395385742,188.88153076171875
12050,-72.34701538085938,23.238773345947266,189.49667358398438
12051,-109.20191192626953,1.0444176197052002,185.6426544189453
12052,-107.75050354003906,0.45615410804748535,186.08335876464844
12053,-108.11763763427734,1.6731765270233154,186.08653259277344
12054,-107.01093292236328,1.2967088222503662,186.4453887939453
12055,-106.93356323242188,-0.013845744542777538,186.33221435546875
12056,-107.25714111328125,-2.7631278038024902,185.9867706298828
12057,-106.91886138916016,-1.1745785474777222,186.22715759277344
12058,-106.07709503173828,-1.0807268619537354,186.52694702148438
12059,-105.07510375976562,-1.534822702407837,186.86911010742188
12060,-105.47850799560547,-5.648647785186768,186.7374267578125
12061,-106.73661041259766,-5.146502494812012,186.19725036621094
12062,-105.23796844482422,-4.435739040374756,186.748779296875
12063,-106.04964447021484,-4.052308082580566,186.40806579589844
12064,-107.2040023803711,-6.5425615310668945,186.1746368408203
12065,-107.94480895996094,-7.68321418762207,186.10194396972656
12066,-107.899169921875,-5.787684440612793,185.8397979736328
12067,-119.08821868896484,-10.593672752380371,185.4358367919922
12069,-119.6197738647461,-10.69693660736084,185.7540740966797
12070,-108.91248321533203,-7.18864107131958,185.6770477294922
12071,-109.9001235961914,-10.029199600219727,186.0361785888672
12072,-110.10183715820312,-11.569991111755371,186.5597381591797
12073,-109.08899688720703,-8.819926261901855,185.9510955810547
12074,-111.60572814941406,-12.148566246032715,186.40223693847656
12075,-113.07097625732422,-13.869773864746094,186.92530822753906
12076,-114.25302124023438,-13.663445472717285,186.57786560058594
12077,-114.85509490966797,-13.028368949890137,186.17369079589844
12101,-113.02751159667969,16.184717178344727,186.03741455078125
12102,-112.26026916503906,16.7960147857666,186.59332275390625
12103,-113.05284118652344,18.2352237701416,186.96917724609375
12104,-113.5837631225586,17.649198532104492,186.47772216796875
12105,-114.52149963378906,18.584068298339844,186.63528442382812
12106,-114.31732177734375,17.817384719848633,186.30218505859375
12107,-108.45171356201172,7.128730297088623,186.5033721923828
12108,-108.1923828125,5.767151355743408,186.51028442382812
12109,-109.02320861816406,8.22626781463623,186.3060302734375
12110,-106.7120590209961,2.7301294803619385,186.71847534179688
12111,-106.01293182373047,2.366201162338257,186.95973205566406
12112,-107.34280395507812,3.8902502059936523,186.62374877929688
12118,-108.4572982788086,-9.362418174743652,186.3255615234375
12119,-107.49839782714844,-10.545297622680664,187.09768676757812
12120,-108.47107696533203,-10.33283805847168,186.62789916992188
12121,-108.54398345947266,-11.900160789489746,187.26902770996094
12122,-115.04887390136719,-13.752270698547363,186.5458984375
12134,-120.58805084228516,19.068832397460938,185.7210235595703
12135,-120.74195098876953,18.165313720703125,185.2608642578125
12136,-121.60335540771484,17.135128021240234,184.82350158691406
12137,-119.8100814819336,19.0577449798584,185.74842834472656
12138,-111.44715881347656,16.14157485961914,186.63941955566406
12139,-111.09622192382812,15.434396743774414,186.50892639160156
12140,-110.6593017578125,14.520301818847656,186.39109802246094
12141,-109.52886962890625,14.987739562988281,187.0658721923828
12142,-109.6164321899414,12.444642066955566,186.37283325195312
12143,-108.83661651611328,13.288957595825195,186.93655395507812
12144,-108.48330688476562,12.415653228759766,186.9595947265625
12145,-108.29532623291016,9.07588005065918,186.68524169921875
12146,-108.35964965820312,10.6759033203125,186.78024291992188
12147,-79.73326873779297,22.181289672851562,189.71987915039062
12148,-80.13037109375,22.78623390197754,190.19931030273438
12149,-82.04750061035156,19.51755714416504,189.40660095214844
12150,-82.72883605957031,20.370691299438477,190.4038848876953
12151,-68.4803237915039,22.962493896484375,189.8337860107422
12152,-105.57237243652344,3.9510140419006348,187.325439453125
12160,-104.72460174560547,-0.22474519908428192,187.185302734375
12161,-104.10388946533203,-0.9064512848854065,187.35137939453125
12162,-103.79224395751953,-1.8082209825515747,187.39793395996094
12163,-103.05260467529297,-0.9369933009147644,187.78994750976562
12164,-105.14014434814453,-2.48435378074646,186.76937866210938
12170,-106.33201599121094,-6.1928558349609375,186.44651794433594
12171,-105.73783874511719,-6.867650985717773,186.78924560546875
12172,-106.51083374023438,-6.9774346351623535,186.48858642578125
12173,-106.11278533935547,-7.897146224975586,186.85301208496094
12174,-118.95841979980469,-12.603446960449219,186.48944091796875
12175,-118.2989273071289,-13.203736305236816,186.5911102294922
12176,-117.21572875976562,-15.055702209472656,187.4345245361328
12177,-117.38082122802734,-13.680871963500977,186.62391662597656
12178,-117.64830780029297,-12.864293098449707,186.1859130859375
12181,-116.73060607910156,-13.281930923461914,186.29412841796875
12182,-115.768798828125,-13.4957914352417,186.36862182617188
12183,-111.09027862548828,-11.613448143005371,186.2875518798828
12184,-110.60579681396484,-12.715991973876953,186.9552459716797
12185,-109.14575958251953,-11.381811141967773,186.80157470703125
12186,-109.89845275878906,-12.416605949401855,187.021728515625
12206,-122.04795837402344,19.230632781982422,185.85447692871094
12207,-120.50965881347656,19.854740142822266,186.14451599121094
12208,-116.09241485595703,18.133066177368164,185.9473876953125
12209,-116.1455078125,18.9681396484375,186.34548950195312
12210,-115.92882537841797,20.401962280273438,187.2183074951172
12211,-115.36488342285156,19.10209083557129,186.6309051513672
12212,-114.64824676513672,19.86461067199707,187.2981719970703
12213,-111.6649398803711,17.65391731262207,187.30123901367188
12214,-111.718505859375,18.54631996154785,187.76963806152344
12215,-111.20118713378906,16.833627700805664,187.0828094482422
12216,-110.21475982666016,16.05498695373535,187.2137451171875
12217,-109.45823669433594,16.403005599975586,187.78118896484375
12218,-107.49247741699219,11.786850929260254,187.38446044921875
12219,-107.53931427001953,10.104687690734863,187.1394805908203
12220,-106.61644744873047,10.650031089782715,187.6797637939453
12221,-107.03945922851562,6.102041244506836,187.00399780273438
12222,-107.60242462158203,6.676309585571289,186.83006286621094
12223,-72.35588073730469,24.464550018310547,190.66795349121094
12224,-71.7849349975586,23.87752914428711,190.1477813720703
12225,-70.79960632324219,24.26133918762207,190.6542510986328
12226,-70.0975341796875,24.673784255981445,191.18289184570312
12227,-68.9314956665039,24.755720138549805,191.48733520507812
12231,-105.64332580566406,5.380220413208008,187.4656982421875
12232,-106.89299011230469,4.660905838012695,186.8914794921875
12233,-66.09358215332031,22.962486267089844,190.6245880126953
12234,-65.80931854248047,23.679733276367188,191.45335388183594
12235,-64.9802017211914,22.65947723388672,191.05859375
12238,-64.1931381225586,21.834218978881836,190.92979431152344
12239,-65.53284454345703,22.185768127441406,190.28057861328125
12240,-64.87120056152344,21.211172103881836,189.89743041992188
12241,-105.54268646240234,0.9531844258308411,187.0015106201172
12242,-104.67417907714844,1.017615556716919,187.37286376953125
12243,-106.11354064941406,-0.017296547070145607,186.6532440185547
12244,-105.01698303222656,2.470761775970459,187.39768981933594
12245,-103.5298843383789,0.09777126461267471,187.74220275878906
12255,-104.5324935913086,-5.268059253692627,187.08267211914062
12256,-104.57408142089844,-3.9290056228637695,186.99595642089844
12259,-104.9011459350586,-6.760404109954834,187.1266326904297
12260,-104.28181457519531,-7.223623275756836,187.47377014160156
12261,-103.81700897216797,-6.128632545471191,187.47921752929688
12262,-102.24839782714844,-4.568635940551758,187.9694366455078
12263,-103.02519226074219,-5.354538917541504,187.71800231933594
12264,-103.67701721191406,-5.088735103607178,187.42601013183594
12268,-106.89385223388672,-12.02068042755127,187.90234375
12269,-106.52920532226562,-10.54886531829834,187.51210021972656
12270,-106.99192810058594,-9.735115051269531,187.02574157714844
12271,-106.21154022216797,-9.181711196899414,187.18946838378906
12272,-107.14093017578125,-8.626301765441895,186.62265014648438
12278,-111.63870239257812,-13.149160385131836,186.89073181152344
12291,-121.18193817138672,20.58565330505371,186.55734252929688
12292,-119.5020980834961,19.72941780090332,186.1467742919922
12293,-108.46588897705078,14.481062889099121,187.5301971435547
12294,-109.21497344970703,14.169888496398926,186.96295166015625
12295,-107.56153106689453,13.242002487182617,187.67234802246094
12296,-105.85588836669922,10.267752647399902,188.00103759765625
12297,-80.53478240966797,25.401342391967773,192.72698974609375
12298,-80.89482879638672,24.546695709228516,191.9974365234375
12299,-80.1996078491211,24.258546829223633,191.3740997314453
12300,-81.19219207763672,23.602691650390625,191.39535522460938
12301,-79.9812240600586,23.518474578857422,190.656005859375
12302,-79.31513214111328,24.350635528564453,191.1639404296875
12303,-77.37803649902344,24.258066177368164,190.61175537109375
12304,-77.03994750976562,23.589406967163086,189.9799041748047
12305,-76.1419448852539,24.340831756591797,190.52230834960938
12311,-68.13085174560547,24.000215530395508,190.9027099609375
12312,-105.58831787109375,3.0917420387268066,187.22201538085938
12318,-103.66126251220703,1.4638255834579468,187.87918090820312
12324,-105.24453735351562,-7.5829362869262695,187.16036987304688
12325,-104.7393569946289,-8.313274383544922,187.5358123779297
12326,-103.9090347290039,-9.541653633117676,188.229736328125
12327,-105.13394927978516,-9.434813499450684,187.70933532714844
12328,-105.52461242675781,-8.364326477050781,187.22731018066406
12329,-105.53325653076172,-10.550445556640625,187.91026306152344
12337,-100.73324584960938,-8.460875511169434,189.02638244628906
12351,-116.45122528076172,-15.285834312438965,187.45115661621094
12381,-116.29777526855469,21.73506736755371,187.96514892578125
12382,-117.04856872558594,20.66086769104004,187.08749389648438
12383,-117.20465087890625,19.76597785949707,186.52215576171875
12384,-110.3173599243164,18.775001525878906,188.62725830078125
12385,-110.80341339111328,17.917449951171875,187.87498474121094
12386,-109.40855407714844,17.484304428100586,188.345947265625
12387,-110.58598327636719,17.169448852539062,187.5887451171875
12389,-106.58243560791016,12.137327194213867,187.96836853027344
12390,-106.06214141845703,8.851788520812988,187.69996643066406
12391,-106.1051025390625,7.78995943069458,187.54849243164062
12392,-74.185791015625,24.758285522460938,190.85455322265625
12393,-73.70069885253906,25.603736877441406,191.7689971923828
12394,-71.63958740234375,26.62388801574707,193.1559295654297
12395,-70.33700561523438,25.89441680908203,192.49169921875
12396,-71.15325927734375,25.49540138244629,191.90655517578125
12397,-72.65459442138672,25.670711517333984,191.91278076171875
12398,-71.93585205078125,25.094219207763672,191.3647918701172
12399,-73.31599426269531,25.01597785949707,191.15513610839844
12404,-102.50559997558594,-3.5721077919006348,187.8603515625
12418,-102.95257568359375,-6.384974479675293,187.8525848388672
12421,-101.98965454101562,-5.423374652862549,188.1244354248047
12431,-103.95130920410156,-8.186857223510742,187.82135009765625
12432,-101.33689880371094,-6.635178565979004,188.47071838378906
12433,-101.21294403076172,-7.674755573272705,188.70632934570312
12435,-105.61531829833984,-11.717717170715332,188.29283142089844
12439,-107.71887969970703,-11.964653015136719,187.57666015625
12440,-102.58604431152344,-9.903965950012207,188.8471221923828
12441,-101.78788757324219,-9.05897045135498,188.86631774902344
12467,-112.33434295654297,19.18486785888672,187.85128784179688
12468,-113.42178344726562,19.023223876953125,187.27627563476562
12469,-112.97474670410156,19.82139015197754,187.93797302246094
12470,-108.54710388183594,15.249677658081055,187.767578125
12471,-107.94989776611328,16.048492431640625,188.43780517578125
12476,-77.6692886352539,25.13595962524414,191.52035522460938
12477,-78.42340087890625,24.553544998168945,191.07521057128906
12478,-82.5589599609375,22.201417922973633,191.42140197753906
12479,-82.51484680175781,21.217735290527344,190.7273406982422
12481,-67.17146301269531,24.114051818847656,191.3006591796875
12482,-66.61884307861328,24.617971420288086,192.01084899902344
12483,-68.21595001220703,25.154991149902344,192.09814453125
12484,-67.32929229736328,25.393234252929688,192.5950164794922
12506,-104.74786376953125,-11.130720138549805,188.4354248046875
12507,-104.71282196044922,-10.062949180603027,188.07894897460938
12508,-103.27642059326172,-10.805335998535156,188.91062927246094
12511,-103.92174530029297,-10.637113571166992,188.5966033935547
12512,-102.86812591552734,-8.983575820922852,188.45140075683594
12513,-100.42822265625,-9.483572006225586,189.39993286132812
12543,-121.08131408691406,21.214767456054688,186.90261840820312
12544,-121.7356185913086,21.758895874023438,187.25575256347656
12545,-117.40360260009766,22.015735626220703,187.83612060546875
12546,-115.2255630493164,21.486064910888672,188.14498901367188
12547,-114.70893859863281,20.699169158935547,187.78573608398438
12548,-114.15997314453125,21.23347282409668,188.36021423339844
12549,-113.6700210571289,20.19402503967285,187.86903381347656
12550,-107.23798370361328,15.611297607421875,188.69842529296875
12551,-107.43515014648438,14.281481742858887,188.06817626953125
12554,-82.52849578857422,23.088729858398438,192.02569580078125
12555,-81.90201568603516,22.91899871826172,191.3912353515625
12577,-101.9719009399414,-10.071868896484375,189.0999298095703
12578,-102.42379760742188,-11.134186744689941,189.3505401611328
12590,-112.31411743164062,20.282278060913086,188.53182983398438
12591,-111.69280242919922,19.4340763092041,188.28721618652344
12592,-111.38513946533203,19.968786239624023,188.7855987548828
12593,-108.26238250732422,16.842573165893555,188.66217041015625
12594,-78.6412124633789,25.187490463256836,191.78048706054688
12595,-77.95105743408203,25.937589645385742,192.50941467285156
12596,-79.2546615600586,25.714134216308594,192.57394409179688
12597,-77.119873046875,25.64748764038086,192.01832580566406
12598,-76.88179016113281,26.371938705444336,192.87063598632812
12601,-69.67778015136719,27.027265548706055,194.05923461914062
12602,-69.20703125,26.0042667388916,192.8283233642578
12603,-69.34563446044922,25.3614559173584,192.06497192382812
12604,-68.07948303222656,26.10423469543457,193.1978759765625
12637,-121.26738739013672,22.49308204650879,187.69711303710938
12638,-122.04251861572266,23.014772415161133,188.06527709960938
12639,-120.7766342163086,23.201946258544922,188.1771697998047
12640,-119.5785903930664,22.738143920898438,187.9449920654297
12641,-120.43790435791016,22.53455924987793,187.72427368164062
12642,-113.07087707519531,21.339149475097656,188.9113006591797
12643,-114.20756530761719,21.959182739257812,188.89256286621094
12644,-113.3465576171875,22.654415130615234,189.82382202148438
12645,-115.16667938232422,22.763235092163086,189.08705139160156
12646,-115.72344970703125,22.269956588745117,188.49380493164062
12647,-116.18809509277344,23.001745223999023,188.87066650390625
12651,-81.68367004394531,23.925750732421875,191.95045471191406
12652,-79.94082641601562,24.929485321044922,191.87669372558594
12654,-75.27062225341797,26.171504974365234,192.4387969970703
12655,-74.35233306884766,26.28000831604004,192.548583984375
12656,-65.56078338623047,24.615509033203125,192.52972412109375
12657,-64.92491149902344,25.102975845336914,193.36117553710938
12658,-64.1484375,24.05325698852539,192.96875
12659,-64.56104278564453,23.40926170349121,191.9476318359375
12713,-116.37005615234375,25.548824310302734,191.2218780517578
12714,-116.86686706542969,24.997478485107422,190.47447204589844
12715,-117.46141052246094,25.673006057739258,191.09779357910156
12716,-116.29220581054688,24.25196647644043,189.9230194091797
12717,-117.44721984863281,24.579435348510742,189.88104248046875
12718,-119.05549621582031,23.609996795654297,188.6553497314453
12719,-118.30484771728516,24.537532806396484,189.61268615722656
12720,-117.69855499267578,23.30164909362793,188.69488525390625
12721,-116.75233459472656,22.487869262695312,188.30230712890625
12722,-110.68952941894531,22.131839752197266,190.91514587402344
12723,-111.97106170654297,22.26894760131836,190.25030517578125
12724,-111.96788024902344,23.12225914001465,190.96559143066406
12725,-112.67469024658203,22.035221099853516,189.6885528564453
12726,-112.00202941894531,21.402084350585938,189.54209899902344
12727,-111.91828918457031,20.77190589904785,189.08778381347656
12728,-111.01805877685547,20.969940185546875,189.7537841796875
12729,-107.13691711425781,16.885272979736328,189.42776489257812
12730,-107.99878692626953,17.826871871948242,189.399658203125
12731,-107.18433380126953,18.38939094543457,190.31619262695312
12732,-108.89154052734375,18.71674919128418,189.42767333984375
12733,-108.0360107421875,18.55617332458496,189.86517333984375
12734,-107.7708740234375,19.38811492919922,190.65704345703125
12736,-106.973388671875,16.211061477661133,189.15505981445312
12740,-75.81493377685547,26.79161262512207,193.27415466308594
12741,-76.05164337158203,26.07331657409668,192.3983612060547
12742,-74.32530212402344,27.704561233520508,194.41822814941406
12743,-73.70072174072266,26.718610763549805,193.08486938476562
12744,-74.77019500732422,26.777618408203125,193.1754913330078
12745,-73.17247772216797,27.74454116821289,194.47108459472656
12746,-73.63157653808594,28.457839965820312,195.64691162109375
12747,-72.76055908203125,26.97120475769043,193.44091796875
12748,-72.02010345458984,27.72053337097168,194.56109619140625
12749,-66.76079559326172,26.87166976928711,194.59066772460938
12750,-67.86369323730469,26.847820281982422,194.24673461914062
12751,-67.66254425048828,27.559829711914062,195.36070251464844
12752,-68.81842041015625,26.761503219604492,193.87855529785156
12753,-67.17202758789062,26.296825408935547,193.6788330078125
12754,-65.83550262451172,26.111268997192383,193.8828125
12755,-66.3563003540039,25.526466369628906,193.0404815673828
12780,-119.60105895996094,24.40538787841797,189.25930786132812
12781,-121.55524444580078,23.698930740356445,188.5595703125
12782,-120.48060607910156,23.80763053894043,188.66311645507812
12783,-120.55029296875,24.635326385498047,189.43701171875
12784,-119.92243194580078,23.393436431884766,188.38868713378906
12785,-114.52578735351562,23.03874969482422,189.5768585205078
12786,-110.17636108398438,19.661256790161133,189.28306579589844
12787,-109.45636749267578,19.62834930419922,189.7079315185547
12788,-110.05206298828125,20.52425193786621,189.9876708984375
12789,-110.71829223632812,20.24360466003418,189.38157653808594
12790,-70.77880096435547,27.138891220092773,193.9703369140625
12791,-69.84526062011719,28.008928298950195,195.51853942871094
12847,-122.34015655517578,24.15907859802246,189.0
12848,-121.24534606933594,24.32347869873047,189.0827178955078
12849,-113.86785125732422,23.319177627563477,190.09896850585938
12850,-115.5123519897461,23.676729202270508,189.68312072753906
12855,-108.96947479248047,19.999195098876953,190.28500366210938
12856,-109.59517669677734,21.14101219177246,190.77830505371094
12857,-110.36998748779297,21.333654403686523,190.44766235351562
12858,-111.32977294921875,21.78074836730957,190.2236785888672
12869,-81.24298858642578,26.24087905883789,194.33360290527344
12870,-79.91407775878906,26.196992874145508,193.4360809326172
12871,-77.40951538085938,26.849912643432617,193.586669921875
12872,-78.6171646118164,26.463823318481445,193.33555603027344
12873,-78.32317352294922,27.22429656982422,194.3434600830078
12874,-79.26504516601562,26.92232322692871,194.21047973632812
12875,-75.72779083251953,27.59610939025879,194.3773193359375
12876,-75.6202621459961,28.349225997924805,195.53839111328125
12877,-76.59650421142578,27.154329299926758,193.8788604736328
12922,-123.39643096923828,24.074697494506836,189.11276245117188
12923,-123.35282135009766,21.929597854614258,187.5876922607422
12924,-123.99772644042969,22.55756378173828,188.16378784179688
12925,-123.0405044555664,22.95285415649414,188.16436767578125
12926,-123.49905395507812,23.51582145690918,188.61154174804688
12927,-124.44499206542969,23.85848045349121,189.35743713378906
12928,-117.1445083618164,23.796382904052734,189.22891235351562
12936,-81.40055847167969,25.321245193481445,193.16119384765625
12937,-75.07669067382812,27.257354736328125,193.8336639404297
12942,-63.7588996887207,24.60304832458496,193.79429626464844
12978,-124.72061920166016,23.008535385131836,188.7893524169922
12980,-115.29612731933594,25.377296447753906,191.43203735351562
12981,-115.79470825195312,24.80763053894043,190.6691131591797
12982,-115.20026397705078,24.26750946044922,190.3409881591797
12983,-109.2856216430664,23.012353897094727,192.69833374023438
12984,-109.74513244628906,22.616456985473633,191.95799255371094
12985,-110.38262939453125,23.472217559814453,192.28089904785156
12986,-109.1556396484375,21.751680374145508,191.59054565429688
12987,-109.92096710205078,21.952810287475586,191.24472045898438
13003,-64.20415496826172,26.313831329345703,195.3238525390625
13004,-64.81880187988281,25.949321746826172,194.4090118408203
13030,-124.00078582763672,25.02002716064453,190.4493408203125
13031,-123.67174530029297,24.515666961669922,189.67535400390625
13032,-112.6532974243164,22.891387939453125,190.37744140625
13033,-111.06141662597656,24.9564151763916,193.47474670410156
13034,-111.78934478759766,24.1210994720459,191.99046325683594
13035,-111.17095947265625,23.318662643432617,191.61209106445312
13036,-110.53054809570312,22.814064025878906,191.57601928710938
13038,-108.69790649414062,20.923137664794922,191.23870849609375
13039,-108.66566467285156,22.154882431030273,192.35081481933594
13041,-108.24824523925781,21.560136795043945,192.09280395507812
13045,-81.9940414428711,26.159523010253906,194.82803344726562
13047,-80.86261749267578,27.025712966918945,195.11697387695312
13048,-80.17630767822266,26.8215274810791,194.4398956298828
13049,-79.67410278320312,27.616697311401367,195.4296112060547
13050,-71.38487243652344,28.09856414794922,195.29420471191406
13051,-68.72329711914062,27.537141799926758,195.04469299316406
13053,-67.33596801757812,28.205886840820312,196.5800323486328
13055,-69.17250061035156,28.71569061279297,197.03292846679688
13056,-68.34781646728516,28.291126251220703,196.46688842773438
13057,-66.61068725585938,27.686325073242188,195.8948974609375
13059,-65.65768432617188,26.922779083251953,195.11199951171875
13107,-76.50553894042969,27.93904685974121,195.02069091796875
13109,-75.06210327148438,29.219083786010742,197.50257873535156
13111,-73.97496795654297,29.109107971191406,197.1234893798828
13112,-74.70591735839844,28.598825454711914,195.93148803710938
13113,-72.75603485107422,28.86054039001465,196.4579620361328
13115,-71.66287994384766,28.843000411987305,196.52528381347656
13116,-72.5087890625,28.21935272216797,195.31654357910156
13150,-114.83270263671875,24.678802490234375,190.91346740722656
13156,-70.7613525390625,28.460819244384766,196.061767578125
13187,-118.41756439208984,25.584203720092773,190.7847442626953
13188,-118.03947448730469,26.213876724243164,191.7459716796875
13208,-68.35765075683594,28.918893814086914,197.81546020507812
13228,-123.47267150878906,25.962594985961914,191.68423461914062
13232,-117.22225952148438,27.54561424255371,194.5586395263672
13233,-117.06341552734375,27.20688247680664,193.62799072265625
13234,-118.0846176147461,26.977651596069336,193.0283203125
13235,-116.04617309570312,27.320323944091797,194.27706909179688
13236,-116.80622100830078,26.778221130371094,192.9066162109375
13237,-116.90436553955078,26.19460678100586,191.93634033203125
13238,-116.07749938964844,26.32903289794922,192.4501190185547
13239,-110.71952819824219,24.24039649963379,192.83995056152344
13275,-109.99400329589844,24.028614044189453,193.19114685058594
13276,-109.48674774169922,24.1473388671875,193.8436737060547
13277,-110.6851577758789,25.605161666870117,194.8679656982422
13278,-110.15846252441406,24.734973907470703,193.99957275390625
13292,-76.6905288696289,28.98102378845215,196.99195861816406
13350,-113.6683120727539,25.619384765625,192.60708618164062
13351,-114.75920104980469,25.843181610107422,192.29959106445312
13352,-114.22608947753906,26.27031898498535,193.1875457763672
13356,-73.06268310546875,29.273929595947266,197.70388793945312
13400,-122.22541809082031,26.779861450195312,192.89944458007812
13401,-121.50057983398438,27.186098098754883,193.62533569335938
13402,-122.57722473144531,27.14139747619629,194.00259399414062
13403,-120.69754791259766,27.16446876525879,193.418701171875
13404,-120.751708984375,27.500736236572266,194.36936950683594
13405,-119.57323455810547,27.61394500732422,194.59490966796875
13406,-120.05823516845703,27.33371353149414,193.77696228027344
13407,-114.0997314453125,26.877742767333984,194.27517700195312
13408,-113.2392578125,26.48768424987793,194.0803680419922
13409,-112.36060333251953,25.64296531677246,193.4132843017578
13410,-111.59574127197266,25.832841873168945,194.3011474609375
13420,-69.55799102783203,29.28713607788086,198.5626678466797
13421,-70.47630310058594,29.227947235107422,198.05233764648438
13423,-67.8613510131836,29.134178161621094,198.597900390625
13502,-122.85090637207031,26.4014892578125,192.2828826904297
13503,-123.1370620727539,26.776317596435547,193.32943725585938
13546,-110.10704040527344,25.777143478393555,195.92333984375
13547,-110.32159423828125,26.26949119567871,196.81039428710938
13592,-116.10051727294922,27.585256576538086,195.13360595703125
13593,-118.4061508178711,27.663898468017578,194.83116149902344
13594,-117.63658142089844,27.75887680053711,195.37928771972656
13595,-118.30950164794922,27.896881103515625,196.2099151611328
13596,-115.03821563720703,27.36654281616211,194.85316467285156
13627,-121.82390594482422,27.523487091064453,194.7342987060547
13628,-121.22403717041016,27.749610900878906,195.45220947265625
13670,-118.88449096679688,27.427671432495117,194.01190185546875
13744,-122.31938171386719,27.743770599365234,195.8450927734375
13746,-120.30546569824219,27.764911651611328,195.33367919921875
13747,-119.85431671142578,27.912906646728516,196.302978515625
13806,-119.1255874633789,27.838726043701172,195.56759643554688
32906,-111.19571685791016,26.963520050048828,197.2920684814453
32999,-76.35039520263672,2.745605707168579,183.7433624267578
33003,-116.6132583618164,9.100793838500977,183.90042114257812
33004,-116.74532318115234,5.575754642486572,183.85438537597656
33005,-118.2822494506836,6.790460586547852,183.6893768310547
33006,-118.51679229736328,7.971494674682617,183.67327880859375
33007,-117.37806701660156,8.002582550048828,183.79054260253906
33008,-119.3241958618164,8.943124771118164,183.64422607421875
33009,-119.53913879394531,7.876948833465576,183.63621520996094
33010,-120.15399169921875,7.004995346069336,183.62551879882812
33011,-119.410888671875,3.5177390575408936,183.7407684326172
33012,-118.96098327636719,2.411303997039795,183.7942657470703
33013,-117.93050384521484,3.310589551925659,183.79664611816406
33014,-119.40089416503906,1.3986667394638062,183.8565216064453
33015,-118.12335205078125,0.9636256098747253,183.8607635498047
33016,-120.47450256347656,11.816346168518066,183.7122039794922
33017,-121.75410461425781,12.007384300231934,183.7583770751953
33018,-117.55661010742188,1.8943983316421509,183.87770080566406
33019,-116.92613983154297,0.7954025268554688,183.9246368408203
33020,-116.6441650390625,1.5540297031402588,183.94151306152344
33021,-117.60308074951172,4.699141025543213,183.78712463378906
33022,-117.2750244140625,3.7723476886749268,183.8406982421875
33023,-118.89714050292969,0.3713955283164978,183.8904571533203
33024,-118.38381958007812,-0.4998347759246826,183.85545349121094
33025,-114.10880279541016,-1.0139212608337402,184.19094848632812
33026,-113.83856964111328,-2.3748586177825928,184.1677703857422
33027,-113.01487731933594,-1.166921615600586,184.38589477539062
33028,-116.31828308105469,-0.4999622106552124,183.93588256835938
33029,-117.73201751708984,-0.1872967779636383,183.88014221191406
33030,-116.07437896728516,-3.9169421195983887,183.87095642089844
33031,-114.50473022460938,-3.161808729171753,184.04721069335938
33032,-110.57131958007812,-5.1270270347595215,184.88368225097656
33033,-113.03599548339844,-4.8357415199279785,184.29115295410156
33034,-113.45242309570312,-3.426847457885742,184.205078125
33035,-112.66948699951172,-2.6141273975372314,184.37277221679688
33036,-111.68161010742188,-0.3228640854358673,184.7460174560547
33037,-111.785400390625,-1.4230352640151978,184.6298828125
33038,-112.91764068603516,1.038703203201294,184.53317260742188
33039,-114.20933532714844,1.924574851989746,184.2919158935547
33040,-113.35782623291016,0.08221710473299026,184.3801727294922
33041,-112.2776870727539,0.3647336959838867,184.63650512695312
33042,-117.73258209228516,-7.081977367401123,184.14341735839844
33887,-121.77718353271484,24.837017059326172,189.6566925048828
33998,-122.46359252929688,22.106027603149414,187.53680419921875
34000,-123.16737365722656,25.54372787475586,190.85110473632812
34340,-120.19878387451172,4.700961589813232,183.7007293701172
34341,-118.89940643310547,4.347760200500488,183.71275329589844
34351,-80.20670318603516,12.216875076293945,185.84825134277344
34352,-79.15543365478516,12.503140449523926,185.58897399902344
34434,-112.9052963256836,3.671239137649536,184.6298065185547
34447,-79.73970031738281,13.120287895202637,185.93154907226562
34448,-79.34320831298828,14.347868919372559,186.12745666503906
34453,-83.33871459960938,17.054140090942383,189.08023071289062
34454,-82.95146942138672,18.470966339111328,189.49415588378906
34507,-122.24433898925781,5.837886333465576,183.91607666015625
34579,-80.36627960205078,14.10116195678711,186.35975646972656
34580,-82.18368530273438,14.463594436645508,187.2489013671875
34581,-81.99725341796875,15.381040573120117,187.45831298828125
34586,-111.05271911621094,0.194639652967453,184.96585083007812
34587,-119.85753631591797,-1.674165964126587,183.9851531982422
34651,-124.05809783935547,16.995677947998047,185.20822143554688
34818,-123.45619201660156,20.050039291381836,186.50779724121094
34905,-115.10540008544922,26.868061065673828,193.70152282714844
34906,-115.14387512207031,26.339353561401367,192.8400115966797
34925,-117.60553741455078,-10.018860816955566,184.79563903808594
34970,-76.81354522705078,-1.4782265424728394,184.27072143554688
34998,-113.39564514160156,8.867947578430176,184.52906799316406
35110,-84.62911987304688,3.538475751876831,186.2467498779297
35159,-118.44749450683594,20.307483673095703,186.60276794433594
35162,-63.82817077636719,22.29494285583496,191.76226806640625
35195,-118.14933013916016,-8.34407901763916,184.47743225097656
35237,-120.14517974853516,8.600625991821289,183.6092987060547
35252,-77.98702239990234,7.194908618927002,183.97023010253906
35259,-117.56376647949219,-1.2666399478912354,183.85394287109375
35260,-117.33731842041016,-5.454922676086426,183.90269470214844
35262,-119.08946228027344,-7.521102428436279,184.48402404785156
35263,-110.45514678955078,2.0786538124084473,185.33505249023438
35264,-109.83077239990234,3.0436108112335205,185.63821411132812
35268,-117.7367935180664,18.8425350189209,185.9276580810547
35269,-118.31993103027344,19.400442123413086,186.10760498046875
35271,-117.68286895751953,-14.119977951049805,186.9701385498047
35272,-118.3999252319336,-13.984004974365234,187.1324462890625
35285,-116.04521179199219,26.892215728759766,193.35678100585938
35943,-74.96338653564453,-2.790590524673462,184.28282165527344
35964,-118.69925689697266,26.674331665039062,192.37680053710938
36033,-117.81881713867188,-4.275627136230469,183.82960510253906
36110,-66.03433227539062,13.921537399291992,185.8651580810547
36111,-65.54122161865234,14.578522682189941,186.30215454101562
36169,-124.31071472167969,21.290109634399414,187.5186767578125
36184,-120.61080169677734,2.8182051181793213,183.85133361816406
36238,-122.77106475830078,21.337116241455078,187.1028289794922
36423,-123.34630584716797,13.039740562438965,184.11915588378906
36424,-122.24756622314453,15.586145401000977,184.4027862548828
36425,-122.72423553466797,15.217977523803711,184.384521484375
36498,-68.61647033691406,15.409879684448242,185.39634704589844
36540,-117.71778106689453,-2.408176898956299,183.8175811767578
36556,-122.7913818359375,13.20516300201416,184.04989624023438
36566,-115.96138763427734,-1.707736611366272,183.92539978027344
36611,-71.0221176147461,1.428316354751587,183.725341796875
36652,-121.74223327636719,26.3890380859375,191.95318603515625
36653,-120.93925476074219,26.375150680541992,191.78970336914062
36690,-65.1123046875,16.435808181762695,186.99078369140625
36748,-70.18161010742188,-1.831133484840393,183.96112060546875
36749,-72.23068237304688,-7.479971885681152,184.85433959960938
36824,-121.03032684326172,-0.57832270860672,184.1921844482422
36877,-120.13762664794922,-2.0602030754089355,184.07278442382812
36958,-72.41680145263672,-7.823887825012207,184.91900634765625
36971,-77.48719024658203,0.24893276393413544,184.1117401123047
36972,-73.54148864746094,13.40407943725586,184.714599609375
36973,-69.96026611328125,10.99825668334961,184.29022216796875
36974,-84.20361328125,0.16061696410179138,186.04966735839844
36981,-77.62284851074219,20.073665618896484,187.8964385986328
36983,-83.05620574951172,14.454118728637695,187.742919921875
36985,-115.85102081298828,14.335939407348633,184.58311462402344
36989,-111.13639831542969,2.8095250129699707,185.15875244140625
36990,-111.78462219238281,-9.095376968383789,185.1570281982422
36994,-110.88787078857422,11.637103080749512,185.62904357910156
36995,-118.92961120605469,-8.673704147338867,184.7600860595703
36998,-108.56784057617188,-1.9333107471466064,185.57208251953125
36999,-107.73506164550781,-2.030531406402588,185.85888671875
37000,-113.57805633544922,-14.407776832580566,187.142822265625
37001,-106.33804321289062,3.7331855297088623,186.983154296875
37005,-108.74269104003906,11.308727264404297,186.65499877929688
37007,-107.72242736816406,5.126993179321289,186.63546752929688
37009,-112.36439514160156,-13.518927574157715,186.8997039794922
37016,-113.17859649658203,20.697864532470703,188.3975067138672
37019,-109.74839782714844,18.988239288330078,189.07647705078125
37022,-122.70618438720703,23.587255477905273,188.53628540039062
37027,-75.11273956298828,28.903104782104492,196.59661865234375
37041,-115.53877258300781,26.04356575012207,192.1578369140625
37043,-113.03343200683594,26.031667709350586,193.4990997314453
37658,-70.14048767089844,10.275337219238281,184.1862335205078
37661,-122.19737243652344,23.608919143676758,188.4991912841797
37716,-82.55913543701172,19.086044311523438,189.52198791503906
37737,-123.30679321289062,8.366515159606934,184.05499267578125
